100000.png,52KY
100001.png,N3PA
100002.png,R5NY
100003.png,44P2
100004.png,MY9T
100005.png,KRRT
100006.png,P9HK
100007.png,K9RR
100008.png,54MM
100009.png,HMN5
100010.png,HATF
100011.png,NR9P
100012.png,F5H9
100013.png,MQYC
100014.png,ZC9Q
100015.png,HNHF
100016.png,577Y
100017.png,T92N
100018.png,NRPK
100019.png,FH22
100020.png,5F5M
100021.png,HC32
100022.png,K7R4
100023.png,4KP3
100024.png,2P45
100025.png,YZ9T
100026.png,3AF2
100027.png,HHA3
100028.png,4YPR
100029.png,ZRFQ
100030.png,ZQAK
100031.png,7545
100032.png,QZRT
100033.png,PQ9A
100034.png,RPTM
100035.png,AY55
100036.png,A3T3
100037.png,9N5M
100038.png,NHAH
100039.png,Y3TN
100040.png,A9KK
100041.png,KKC7
100042.png,FF7Y
100043.png,YMC5
100044.png,3Q7M
100045.png,P39F
100046.png,PY4K
100047.png,HNY5
100048.png,Y5TH
100049.png,ZNR9
100050.png,PQTA
100051.png,4TM2
100052.png,ACQ7
100053.png,C27K
100054.png,RRFF
100055.png,A4AZ
100056.png,A54Y
100057.png,TYP4
100058.png,773H
100059.png,HQ2P
100060.png,C95A
100061.png,PFCC
100062.png,Z3HH
100063.png,HC4Q
100064.png,R7H9
100065.png,Z4N4
100066.png,RYN5
100067.png,Z2HM
100068.png,7CP5
100069.png,2AAM
100070.png,Q9A9
100071.png,TCAN
100072.png,22Y4
100073.png,N43M
100074.png,KNN2
100075.png,NQ5Z
100076.png,3KZC
100077.png,N39N
100078.png,R7Y7
100079.png,AT3H
100080.png,AP7T
100081.png,3KRY
100082.png,TM9M
100083.png,YF44
100084.png,TZ25
100085.png,72R2
100086.png,KQNQ
100087.png,5F52
100088.png,MZKR
100089.png,HA94
100090.png,Y453
100091.png,727Q
100092.png,MPYA
100093.png,MM5R
100094.png,H25Q
100095.png,PY44
100096.png,53CT
100097.png,RNTM
100098.png,YCNF
100099.png,Q3C4
100100.png,ZQNC
100101.png,FQMP
100102.png,ZKFC
100103.png,TCPF
100104.png,HYMF
100105.png,FF5H
100106.png,KF4N
100107.png,CNPM
100108.png,KRN3
100109.png,KN5T
100110.png,FC4M
100111.png,MKRA
100112.png,4CF5
100113.png,RCP3
100114.png,YHPH
100115.png,NH23
100116.png,57NT
100117.png,42MZ
100118.png,5TAY
100119.png,NFFA
100120.png,5KAZ
100121.png,NKNA
100122.png,9ZA5
100123.png,YMZK
100124.png,A52Q
100125.png,2FT4
100126.png,N53Y
100127.png,F77K
100128.png,9TZZ
100129.png,MQT7
100130.png,MP9N
100131.png,29FQ
100132.png,Z944
100133.png,TM9T
100134.png,K5TK
100135.png,MCAT
100136.png,CM4N
100137.png,FQ3P
100138.png,7ZZY
100139.png,QC4Z
100140.png,H7CQ
100141.png,2CK5
100142.png,ACF5
100143.png,NY3F
100144.png,PR9H
100145.png,AQHP
100146.png,5P5Z
100147.png,NRZH
100148.png,K93M
100149.png,529C
100150.png,Y9CP
100151.png,N49F
100152.png,PFZH
100153.png,35CT
100154.png,9Z4A
100155.png,MFQH
100156.png,CP7R
100157.png,NHRT
100158.png,TMRF
100159.png,27TF
100160.png,A3TT
100161.png,P7QF
100162.png,YFAF
100163.png,N7A4
100164.png,P5P5
100165.png,HH4R
100166.png,TY3K
100167.png,3AF7
100168.png,4PMF
100169.png,KMYQ
100170.png,RHY2
100171.png,AA4K
100172.png,QQ3C
100173.png,KA4Z
100174.png,9C79
100175.png,C7QP
100176.png,2MKP
100177.png,FFCZ
100178.png,YA5Y
100179.png,Z9AN
100180.png,9QMF
100181.png,922K
100182.png,79YA
100183.png,PCM5
100184.png,PFAP
100185.png,7AQ2
100186.png,7P5A
100187.png,CQPY
100188.png,5FK4
100189.png,YPYQ
100190.png,7CA2
100191.png,4HRY
100192.png,RYNP
100193.png,4TTY
100194.png,C7PC
100195.png,45T3
100196.png,H7A7
100197.png,F22A
100198.png,FRFA
100199.png,Y2QF
100200.png,7NYK
100201.png,3TTK
100202.png,PQCZ
100203.png,KK24
100204.png,ZPKY
100205.png,NR2F
100206.png,ANPQ
100207.png,7M9K
100208.png,3M9Y
100209.png,TFPH
100210.png,RCCT
100211.png,5Q47
100212.png,37TC
100213.png,3Z75
100214.png,ZY4P
100215.png,7H3A
100216.png,FNTA
100217.png,2M9Q
100218.png,HQ55
100219.png,YMRC
100220.png,FQT9
100221.png,N4Y4
100222.png,TCZ3
100223.png,PQTF
100224.png,4R2Z
100225.png,CQKC
100226.png,9HRY
100227.png,R5HT
100228.png,HYKY
100229.png,MAKH
100230.png,CM9H
100231.png,F7AP
100232.png,Z7RY
100233.png,ZT9N
100234.png,Y2HK
100235.png,QCR3
100236.png,YM7P
100237.png,7249
100238.png,7H3Z
100239.png,NYRK
100240.png,PTMF
100241.png,NHR9
100242.png,599Z
100243.png,7MP4
100244.png,ZPYR
100245.png,37CT
100246.png,T32C
100247.png,2T49
100248.png,CPCT
100249.png,YCY5
100250.png,MY79
100251.png,CMZ7
100252.png,Y9KA
100253.png,NFYC
100254.png,YHNA
100255.png,9MRP
100256.png,34R7
100257.png,97KM
100258.png,FC5Q
100259.png,MN2K
100260.png,RCP5
100261.png,K9H4
100262.png,CH2R
100263.png,FCT2
100264.png,AKTN
100265.png,7M9T
100266.png,KPC7
100267.png,KYFK
100268.png,CM92
100269.png,29TN
100270.png,52QT
100271.png,C7P7
100272.png,4PZN
100273.png,Y4HF
100274.png,TPCC
100275.png,NK27
100276.png,M3ZP
100277.png,KYNQ
100278.png,T2Z2
100279.png,A7RP
100280.png,MMQH
100281.png,AHPQ
100282.png,2FFT
100283.png,3Q5Y
100284.png,MQFP
100285.png,9P3K
100286.png,4Q9Q
100287.png,Z3F9
100288.png,KP33
100289.png,H257
100290.png,4NPP
100291.png,CZPN
100292.png,CK7A
100293.png,7PRZ
100294.png,QPMZ
100295.png,4NH9
100296.png,AFPQ
100297.png,FFZK
100298.png,7M7Z
100299.png,A3R5
100300.png,FQNM
100301.png,P52N
100302.png,H3RA
100303.png,49NR
100304.png,YMAK
100305.png,C2ZP
100306.png,7YZF
100307.png,PPRT
100308.png,K955
100309.png,N99N
100310.png,Z27Y
100311.png,AKTN
100312.png,5KY3
100313.png,3FM2
100314.png,CK4C
100315.png,NHM5
100316.png,K7FY
100317.png,9HHK
100318.png,MR2H
100319.png,YQZP
100320.png,YF33
100321.png,M3Y3
100322.png,9RCP
100323.png,MZQH
100324.png,552M
100325.png,AP4Q
100326.png,MM3N
100327.png,33RQ
100328.png,RF9Q
100329.png,PRFZ
100330.png,QK94
100331.png,35P3
100332.png,9ZM2
100333.png,H3MQ
100334.png,KT7R
100335.png,FQRY
100336.png,PZT4
100337.png,R7RR
100338.png,CK9Z
100339.png,HHFK
100340.png,AFP4
100341.png,FRH9
100342.png,T25F
100343.png,HH43
100344.png,4YQT
100345.png,9C2A
100346.png,QPCA
100347.png,MQMM
100348.png,RFHP
100349.png,MC2A
100350.png,T3K3
100351.png,CPKA
100352.png,YCZR
100353.png,QR7A
100354.png,MMKH
100355.png,5C9A
100356.png,P9AP
100357.png,PMMA
100358.png,TRC5
100359.png,9H3R
100360.png,2HN9
100361.png,423N
100362.png,34Z3
100363.png,ZH79
100364.png,M3PR
100365.png,AT7T
100366.png,FFN3
100367.png,NFYM
100368.png,RZFA
100369.png,FNK7
100370.png,NR5F
100371.png,T4RQ
100372.png,MP4K
100373.png,QMM5
100374.png,9ZHR
100375.png,PTC7
100376.png,C3Q5
100377.png,KQHP
100378.png,4P3F
100379.png,Z575
100380.png,AZNQ
100381.png,9F59
100382.png,R9FH
100383.png,N93T
100384.png,PMZ4
100385.png,HKYT
100386.png,9F75
100387.png,N79Z
100388.png,MF4K
100389.png,NHY2
100390.png,3Q4Q
100391.png,KQFN
100392.png,FRHP
100393.png,3AMM
100394.png,3K47
100395.png,N755
100396.png,HRTA
100397.png,4Z23
100398.png,HNQ2
100399.png,5QKA
100400.png,2TH7
100401.png,KRT2
100402.png,KP44
100403.png,77MH
100404.png,QMZN
100405.png,NHYH
100406.png,7TM2
100407.png,3H2H
100408.png,Y4CY
100409.png,KN9T
100410.png,PYAF
100411.png,RA33
100412.png,7RT9
100413.png,FYYQ
100414.png,MR5F
100415.png,57YH
100416.png,32AK
100417.png,MK52
100418.png,25C5
100419.png,9P2K
100420.png,Y9NA
100421.png,MP37
100422.png,2AAZ
100423.png,RRFK
100424.png,TTQF
100425.png,T7QY
100426.png,QK52
100427.png,TY47
100428.png,N3CZ
100429.png,YN33
100430.png,47F4
100431.png,YFQP
100432.png,3PT7
100433.png,HCHZ
100434.png,5M9A
100435.png,MFZ9
100436.png,Q9YP
100437.png,YMQT
100438.png,HA2M
100439.png,CP9R
100440.png,ANY5
100441.png,5Q7A
100442.png,YMZY
100443.png,M245
100444.png,2TN5
100445.png,2P2P
100446.png,5ZHC
100447.png,RTZH
100448.png,Q2PK
100449.png,23N7
100450.png,Z74Z
100451.png,F9Z4
100452.png,75KN
100453.png,PKAZ
100454.png,5MC2
100455.png,YMT2
100456.png,Z4F3
100457.png,45NF
100458.png,N9ZA
100459.png,T4F5
100460.png,YFP2
100461.png,5TCP
100462.png,2Z5N
100463.png,AHTP
100464.png,FQPP
100465.png,AAKA
100466.png,N59Y
100467.png,497K
100468.png,P5YH
100469.png,HH9P
100470.png,TQ3K
100471.png,Z35A
100472.png,K2ZK
100473.png,F7K2
100474.png,TH9R
100475.png,FFTP
100476.png,QZY5
100477.png,KQ5M
100478.png,NCYH
100479.png,MNM5
100480.png,M9P4
100481.png,2R4C
100482.png,T2RN
100483.png,7C5Z
100484.png,H2RN
100485.png,AP47
100486.png,72HR
100487.png,A4CK
100488.png,TQ39
100489.png,372T
100490.png,C9YZ
100491.png,TZC9
100492.png,9Y9P
100493.png,Z7N5
100494.png,25TP
100495.png,HRY7
100496.png,CA7Z
100497.png,C3ZR
100498.png,PZCC
100499.png,ZNAH
100500.png,93MK
100501.png,MPCP
100502.png,R2KC
100503.png,MH9Q
100504.png,T3ZM
100505.png,PZ4N
100506.png,HZ7Z
100507.png,32HY
100508.png,FZNF
100509.png,3RN3
100510.png,QH2M
100511.png,77NP
100512.png,9Q79
100513.png,TP5P
100514.png,5ZFP
100515.png,49NN
100516.png,9N4M
100517.png,CN7N
100518.png,H3A5
100519.png,K935
100520.png,TH33
100521.png,HTYK
100522.png,MT7T
100523.png,YPYH
100524.png,KQHH
100525.png,93F5
100526.png,AHCF
100527.png,7Q44
100528.png,NRF9
100529.png,C592
100530.png,37RA
100531.png,APRN
100532.png,K4AT
100533.png,PNCP
100534.png,9C7Y
100535.png,2HYT
100536.png,RM4F
100537.png,FF3C
100538.png,42FP
100539.png,5PCR
100540.png,N5T7
100541.png,K7ZN
100542.png,PYFR
100543.png,MMTR
100544.png,9554
100545.png,NH4R
100546.png,3CKZ
100547.png,23ZP
100548.png,7QM4
100549.png,NARN
100550.png,ATPT
100551.png,QQP9
100552.png,N2CC
100553.png,2AZY
100554.png,42HY
100555.png,H3AR
100556.png,HPY7
100557.png,272K
100558.png,545C
100559.png,4YNK
100560.png,23R9
100561.png,AFHH
100562.png,73H5
100563.png,FQKF
100564.png,KAFP
100565.png,7RQF
100566.png,P74H
100567.png,3CRN
100568.png,Z925
100569.png,3KF7
100570.png,PT2P
100571.png,ZMYY
100572.png,Y73R
100573.png,YYH4
100574.png,3HKH
100575.png,7FQ4
100576.png,R4KZ
100577.png,RMQF
100578.png,7ZAC
100579.png,PF5Z
100580.png,YFMA
100581.png,55CZ
100582.png,PRH5
100583.png,TC94
100584.png,N743
100585.png,C5YQ
100586.png,KA3N
100587.png,77QC
100588.png,3Q79
100589.png,MQYR
100590.png,K9CA
100591.png,QMF5
100592.png,RHR4
100593.png,5HP7
100594.png,YQ5Y
100595.png,YP7Y
100596.png,27ZF
100597.png,5MMT
100598.png,K94Z
100599.png,9KH9
100600.png,7C7A
100601.png,FRFQ
100602.png,ZNTM
100603.png,CNPT
100604.png,KTRP
100605.png,Q7TH
100606.png,PZHR
100607.png,4ZH2
100608.png,Q4TM
100609.png,PA75
100610.png,5F9Y
100611.png,55RK
100612.png,CQ5M
100613.png,4M27
100614.png,QAAC
100615.png,YCTF
100616.png,Q7H2
100617.png,32CR
100618.png,MPYK
100619.png,FPZC
100620.png,NTKK
100621.png,7Z4K
100622.png,FKK7
100623.png,N3FM
100624.png,54KM
100625.png,AZKP
100626.png,2N4K
100627.png,F53P
100628.png,QCC5
100629.png,4KRA
100630.png,R3FP
100631.png,R3CZ
100632.png,AAPC
100633.png,ZQPA
100634.png,9PT2
100635.png,N2CQ
100636.png,NK2N
100637.png,7H3M
100638.png,4P7R
100639.png,2C42
100640.png,7RHN
100641.png,47YQ
100642.png,R9M9
100643.png,4P54
100644.png,CN7F
100645.png,TK3Z
100646.png,CYQP
100647.png,K239
100648.png,3C5Q
100649.png,ZHTA
100650.png,75QF
100651.png,FY43
100652.png,RY4K
100653.png,KNZY
100654.png,CKP4
100655.png,4AC2
100656.png,ZAAK
100657.png,43RM
100658.png,F5FA
100659.png,ATQN
100660.png,H9M7
100661.png,NAP7
100662.png,Z5MT
100663.png,3QCM
100664.png,RT32
100665.png,P7CM
100666.png,A3TP
100667.png,PP3Y
100668.png,ZCYP
100669.png,79CF
100670.png,5T5H
100671.png,AP77
100672.png,A7AM
100673.png,QCQY
100674.png,2FMK
100675.png,H4KF
100676.png,ZRTA
100677.png,7Q5N
100678.png,A27R
100679.png,P7RT
100680.png,R9PM
100681.png,C3K3
100682.png,HR7A
100683.png,QKYC
100684.png,QC3F
100685.png,57CF
100686.png,HFCN
100687.png,F4AP
100688.png,YCT7
100689.png,FFNA
100690.png,P23P
100691.png,54H7
100692.png,MAAQ
100693.png,C54Q
100694.png,5QPH
100695.png,5MHP
100696.png,HA95
100697.png,TZKP
100698.png,5A2T
100699.png,9QP5
100700.png,TCHH
100701.png,N5MF
100702.png,7FTF
100703.png,95C4
100704.png,2K39
100705.png,3P9H
100706.png,7Z7N
100707.png,H79H
100708.png,9CKA
100709.png,KF2H
100710.png,MK4H
100711.png,CP39
100712.png,57YK
100713.png,2PHZ
100714.png,ZANT
100715.png,YK59
100716.png,43ZM
100717.png,3FQ3
100718.png,QC59
100719.png,59C4
100720.png,Q5PH
100721.png,Q2Q9
100722.png,QQYY
100723.png,ZN33
100724.png,P2CQ
100725.png,K47P
100726.png,45RM
100727.png,PQ2N
100728.png,5TP5
100729.png,MH9M
100730.png,9M2Z
100731.png,MCZK
100732.png,7Q79
100733.png,R5HC
100734.png,A4N9
100735.png,42NH
100736.png,CZZ5
100737.png,MM3R
100738.png,HYC3
100739.png,FNCZ
100740.png,7NNZ
100741.png,2FKP
100742.png,FK5P
100743.png,CK4Z
100744.png,3NAQ
100745.png,TC5N
100746.png,YK2Z
100747.png,HCC3
100748.png,ZP3C
100749.png,NZPQ
100750.png,AHZH
100751.png,4NQK
100752.png,YNZC
100753.png,HRYQ
100754.png,R5Z9
100755.png,53R4
100756.png,AAHQ
100757.png,AC9N
100758.png,A5HN
100759.png,37AK
100760.png,QRZP
100761.png,523M
100762.png,P4FQ
100763.png,3YFR
100764.png,NKKN
100765.png,A3Q5
100766.png,7QZQ
100767.png,H47Y
100768.png,4PZA
100769.png,P2NH
100770.png,M2P9
100771.png,2CQC
100772.png,FR53
100773.png,K734
100774.png,C5RR
100775.png,R7H5
100776.png,Y77R
100777.png,7NHK
100778.png,7KPR
100779.png,3A9Q
100780.png,M5QQ
100781.png,ARCR
100782.png,Z923
100783.png,TNQM
100784.png,CTYP
100785.png,AT9Z
100786.png,MZPM
100787.png,2KT3
100788.png,7534
100789.png,Z323
100790.png,2Z3A
100791.png,4TK7
100792.png,Z52Q
100793.png,3A7Y
100794.png,2Q2R
100795.png,PPPN
100796.png,3ZQZ
100797.png,YH2T
100798.png,Z4M9
100799.png,C7HN
100800.png,QF7T
100801.png,TZAR
100802.png,ZZM3
100803.png,NA37
100804.png,ZZRP
100805.png,Q5FN
100806.png,R4CK
100807.png,TY7P
100808.png,ZYZR
100809.png,TT3Q
100810.png,TMRR
100811.png,P9A2
100812.png,Y3RF
100813.png,HFYP
100814.png,CR95
100815.png,5NPN
100816.png,23Z4
100817.png,FC3R
100818.png,23H2
100819.png,422Z
100820.png,CFM2
100821.png,3Y9Y
100822.png,5HMA
100823.png,3Q5T
100824.png,9HY9
100825.png,2THA
100826.png,5YAZ
100827.png,MQQY
100828.png,4YCR
100829.png,F25A
100830.png,24H9
100831.png,249H
100832.png,M2N2
100833.png,QQYC
100834.png,F57Z
100835.png,9723
100836.png,39HH
100837.png,9R3C
100838.png,2PK9
100839.png,YZ93
100840.png,4QRH
100841.png,59QP
100842.png,YFM5
100843.png,4F9M
100844.png,Z2CM
100845.png,TMCN
100846.png,TYKP
100847.png,NTYH
100848.png,7QYR
100849.png,2TPM
100850.png,Z3A4
100851.png,54CH
100852.png,NT77
100853.png,H5ZY
100854.png,K5F2
100855.png,HRMQ
100856.png,KFNM
100857.png,ZYYR
100858.png,4Y2Z
100859.png,H3PK
100860.png,4F3Y
100861.png,FMCY
100862.png,P25Z
100863.png,4KPY
100864.png,C5CN
100865.png,NYPA
100866.png,TPRC
100867.png,4RMA
100868.png,494Z
100869.png,AKQ3
100870.png,HCAK
100871.png,QR47
100872.png,CP9K
100873.png,K7NM
100874.png,7MYN
100875.png,KF43
100876.png,NZCM
100877.png,Y7YR
100878.png,N77T
100879.png,ZAH2
100880.png,ZM2Y
100881.png,NYFT
100882.png,ZY9Z
100883.png,YHM4
100884.png,79ZH
100885.png,AZ2K
100886.png,MHNH
100887.png,39K9
100888.png,CZTC
100889.png,2F5R
100890.png,MFM3
100891.png,7Q99
100892.png,TYCM
100893.png,9TAR
100894.png,PTT7
100895.png,QAH3
100896.png,7MPT
100897.png,29RN
100898.png,35R2
100899.png,ZPYM
100900.png,QAQ5
100901.png,NQPM
100902.png,ZZ7F
100903.png,9P2F
100904.png,Y2MT
100905.png,24TK
100906.png,TYTT
100907.png,95T7
100908.png,4RKZ
100909.png,255C
100910.png,PFZF
100911.png,FQ2M
100912.png,QQ9K
100913.png,4AZP
100914.png,494P
100915.png,M457
100916.png,YC9N
100917.png,CH7Q
100918.png,ZHZM
100919.png,52RP
100920.png,R23Y
100921.png,2F9T
100922.png,RQ2Y
100923.png,4PAN
100924.png,PNAK
100925.png,MFCZ
100926.png,Y9H4
100927.png,R9K3
100928.png,N2QH
100929.png,3K4H
100930.png,NN29
100931.png,KYC2
100932.png,RNF7
100933.png,29MY
100934.png,HT72
100935.png,927K
100936.png,NY9N
100937.png,ZYTZ
100938.png,HZ97
100939.png,Z55Q
100940.png,C3ZM
100941.png,3QKZ
100942.png,N39R
100943.png,T395
100944.png,F42T
100945.png,M2RZ
100946.png,3YR3
100947.png,NN7Z
100948.png,RR5C
100949.png,5MH5
100950.png,Z37A
100951.png,CMHH
100952.png,C3TN
100953.png,2K45
100954.png,5PAQ
100955.png,4PT3
100956.png,39NP
100957.png,P3PQ
100958.png,N34R
100959.png,7K5Y
100960.png,ZMN9
100961.png,5C4F
100962.png,4FYM
100963.png,K5NQ
100964.png,YMQ2
100965.png,Q9MN
100966.png,HQHT
100967.png,RKKC
100968.png,9H5Y
100969.png,733F
100970.png,A39A
100971.png,7NA3
100972.png,CK2A
100973.png,Z7NT
100974.png,P2PC
100975.png,3P3M
100976.png,Q7NP
100977.png,NKZT
100978.png,54ZR
100979.png,C9F3
100980.png,RM4T
100981.png,PPAR
100982.png,PZP4
100983.png,Q527
100984.png,Y4Z9
100985.png,CR47
100986.png,94YN
100987.png,PZ24
100988.png,K9CR
100989.png,25F4
100990.png,TYC7
100991.png,9CRQ
100992.png,FNZ3
100993.png,MQAK
100994.png,YPM5
100995.png,HZQF
100996.png,C9NF
100997.png,RC3F
100998.png,Q424
100999.png,F44K
101000.png,A49R
